Title,Image,Price,Discount,Special Price,Link,Rating
"SET WET Cool, Charm, Swag & Mischief Avatar Deodorant & Body Spray Perfume, Pack of 6 Deodorant Spray  -  For Men(900 ml, Pack of 6)","=HYPERLINK(""https://rukminim1.flixcart.com/image/200/200/xif0q/combo-kit/i/a/4/-original-imah3ftjsykffchs.jpeg?q=90"",""Image"")",1590,75%,397,"=HYPERLINK(""https://dealsheaven.in/deal/set-wet-cool-charm-swag-mischief-avatar-deodorant-body-spray-perfume-pack-of-6-deodorant-spray-for-men900-ml-pack-of-6"",""Link"")",0.0
"Just Herbs Make Up Kit Include Kajal,Lip Gloss, Cheek & Tint, Foundation, Strobe Cream","=HYPERLINK(""https://rukminim1.flixcart.com/image/200/200/xif0q/makeup-kit/w/z/x/make-up-kit-include-kajal-primer-cheek-tint-lipstick-foundation-original-imah4s89c23u3vzy.jpeg?q=90"",""Image"")",1899,92%,151,"=HYPERLINK(""https://dealsheaven.in/deal/just-herbs-make-up-kit-include-kajallip-gloss-cheek-tint-foundation-strobe-cream"",""Link"")",0.0
Just Herbs Pure Fragrances Energising & Relaxing Trio Perfume Set of 3 - 50ML Eau de Parfum  -  150 ml(For Men & Women),"=HYPERLINK(""https://rukminim1.flixcart.com/image/200/200/xif0q/perfume/k/q/1/150-pure-fragrances-energising-relaxing-trio-perfume-set-of-3-original-imah3xz4f2ujre2g.jpeg?q=90"",""Image"")",1945,90%,194,"=HYPERLINK(""https://dealsheaven.in/deal/just-herbs-pure-fragrances-energising-relaxing-trio-perfume-set-of-3-50ml-eau-de-parfum-150-mlfor-men-women"",""Link"")",0.0
STAYFREE Dry-Max All Nights| All round protection through the night| 2x better coverage Sanitary Pad(Pack of 98),"=HYPERLINK(""https://rukminim1.flixcart.com/image/200/200/xif0q/sanitary-pad-pantyliner/d/o/r/-original-imagvyzcjc6du2wu.jpeg?q=90"",""Image"")",1369,60%,547,"=HYPERLINK(""https://dealsheaven.in/deal/stayfree-dry-max-all-nights-all-round-protection-through-the-night-2x-better-coverage-sanitary-padpack-of-98"",""Link"")",0.0
CASIO MW-240-1BVDF Youth Analog Analog Watch  - For Men,"=HYPERLINK(""https://rukminim1.flixcart.com/image/200/200/xif0q/watch/b/t/w/-original-imagunxdp7m4thmd.jpeg?q=90"",""Image"")",1495,63%,549,"=HYPERLINK(""https://dealsheaven.in/deal/casio-mw-240-1bvdf-youth-analog-analog-watch-for-men"",""Link"")",0.0
"EVEREADY 10 W Standard B22 LED Bulb(White, Pack of 10)","=HYPERLINK(""https://rukminim1.flixcart.com/image/200/200/xif0q/bulb/l/j/y/-original-imahyf2r6g6fjmep.jpeg?q=90"",""Image"")",1990,74%,499,"=HYPERLINK(""https://dealsheaven.in/deal/eveready-10-w-standard-b22-led-bulbwhite-pack-of-10"",""Link"")",0.0
"Portronics Toad 14 / Runs on single AA Battery,upto 1400 DPI,30 Lakhs + click life Wireless Optical Mouse  (2.4GHz Wireless, Black)","=HYPERLINK(""https://rukminim2.flixcart.com/image/416/416/kxhvf680/mouse/d/1/p/toad-14-portronics-original-imag9xnpexundzez.jpeg?q=70&crop=false"",""Image"")",499,60%,199,"=HYPERLINK(""https://dealsheaven.in/deal/portronics-toad-14-runs-on-single-aa-batteryupto-1400-dpi30-lakhs-click-life-wireless-optical-mouse-24ghz-wireless-black"",""Link"")",0.0
"NIVEA MEN Fresh Power Deodorant Spray Body Spray  -  For Men(150 ml, Pack of 3)","=HYPERLINK(""https://rukminim1.flixcart.com/image/200/200/xif0q/deodorant/l/6/f/150-men-fresh-power-pack-of-3-deodorant-spray-for-men-150-ml-original-imagxx5ebhdzdj3a.jpeg?q=90"",""Image"")",855,80%,171,"=HYPERLINK(""https://dealsheaven.in/deal/nivea-men-fresh-power-deodorant-spray-body-spray-for-men150-ml-pack-of-3"",""Link"")",0.0
"Apple iPhone 15 (Black, 128 GB)","=HYPERLINK(""https://rukminim2.flixcart.com/image/416/416/xif0q/mobile/h/d/9/-original-imagtc2qzgnnuhxh.jpeg?q=70&crop=false"",""Image"")",69900,21%,54999,"=HYPERLINK(""https://dealsheaven.in/deal/apple-iphone-15-black-128-gb"",""Link"")",0.0
N/A,"=HYPERLINK(""N/A"",""Image"")",N/A,N/A,N/A,"=HYPERLINK(""N/A"",""Link"")",N/A
Safari Magnum Zeno 3P set 4W Cabin & Check-in Set 4 Wheels - 30 Inches,"=HYPERLINK(""https://rukminim1.flixcart.com/image/200/200/xif0q/suitcase/1/t/r/-original-imahy9gy4wggjgh6.jpeg?q=90"",""Image"")",28745,85%,4149,"=HYPERLINK(""https://dealsheaven.in/deal/safari-magnum-zeno-3p-set-4w-cabin-check-in-set-4-wheels-30-inches"",""Link"")",0.0
"[Hdfc bank] iFFALCON by TCL U64 139 cm (55 inch) Ultra HD (4K) LED Smart Google TV with 24W Dolby Audio, HDR10  (iFF55U64)","=HYPERLINK(""https://rukminim2.flixcart.com/image/416/416/xif0q/television/7/g/o/-original-imahfkcp7sqpk4cz.jpeg?q=70&crop=false"",""Image"")",73990,68%,23298,"=HYPERLINK(""https://dealsheaven.in/deal/hdfc-bank-iffalcon-by-tcl-u64-139-cm-55-inch-ultra-hd-4k-led-smart-google-tv-with-24w-dolby-audio-hdr10-iff55u64"",""Link"")",0.0
"RAGE Extra Strong Premium Blend Coffee Pack of 100+Multipurpose Shaker 450 ml+Frother Instant Coffee(100 x 1.5 g, Assorted Flavoured)","=HYPERLINK(""https://rukminim1.flixcart.com/image/200/200/xif0q/coffee/9/c/w/150-extra-strong-premium-blend-coffee-pack-of-100-multipurpose-original-imahyh9guchbykdg.jpeg?q=90"",""Image"")",1299,76%,299,"=HYPERLINK(""https://dealsheaven.in/deal/rage-extra-strong-premium-blend-coffee-pack-of-100multipurpose-shaker-450-mlfrother-instant-coffee100-x-15-g-assorted-flavoured"",""Link"")",0.0
"Boult Bassbox X120 with Subwoofer, 120W Power, 2.1 Channel, 3 EQ Modes, Remote Control 120 W Bluetooth Soundbar(Black, 2.1 Channel)","=HYPERLINK(""https://rukminim1.flixcart.com/image/200/200/xif0q/speaker/h/t/q/-original-imahyauhvfaa45en.jpeg?q=90"",""Image"")",11999,66%,3999,"=HYPERLINK(""https://dealsheaven.in/deal/boult-bassbox-x120-with-subwoofer-120w-power-21-channel-3-eq-modes-remote-control-120-w-bluetooth-soundbarblack-21-channel"",""Link"")",0.0
"Fire-Boltt Wonder 45.7mm (1.8) Bluetooth Calling with AI Voice Assistant Smartwatch(Red Strap, Free Size)","=HYPERLINK(""https://rukminim1.flixcart.com/image/200/200/xif0q/smartwatch/n/6/0/-original-imagkfm8zzyqvr5c.jpeg?q=90"",""Image"")",11999,94%,699,"=HYPERLINK(""https://dealsheaven.in/deal/fire-boltt-wonder-457mm-18-bluetooth-calling-with-ai-voice-assistant-smartwatchred-strap-free-size"",""Link"")",0.0
"AXE Dark Temptation Deodorant Spray  -  For Men(645 ml, Pack of 3)","=HYPERLINK(""https://rukminim1.flixcart.com/image/200/200/xif0q/deodorant/f/h/b/-original-imah32rj2kdxzqaa.jpeg?q=90"",""Image"")",1050,80%,200,"=HYPERLINK(""https://dealsheaven.in/deal/axe-dark-temptation-deodorant-spray-for-men645-ml-pack-of-3"",""Link"")",0.0
[With Hdfc EMI] MOTOROLA 7 kg Fully Automatic Top Load Washing Machine Grey(MTTL705NNNEB),"=HYPERLINK(""https://rukminim1.flixcart.com/image/200/200/xif0q/washing-machine-new/k/g/u/-original-imah3jgscx9ferff.jpeg?q=90"",""Image"")",21990,55%,9891,"=HYPERLINK(""https://dealsheaven.in/deal/with-hdfc-emi-motorola-7-kg-fully-automatic-top-load-washing-machine-greymttl705nnneb"",""Link"")",0.0
Atomberg Ameza 5 Star 1200 mm 3 Blade Ceiling Fan(BLDC Motor with Remote | Gloss Black | Pack of 1),"=HYPERLINK(""https://rukminim1.flixcart.com/image/200/200/xif0q/fan/d/i/c/ameza-5-star-bee-rated-35-1-ceiling-fan-1200-atomberg-original-imahfyrt62ypph34.jpeg?q=90"",""Image"")",4349,54%,1999,"=HYPERLINK(""https://dealsheaven.in/deal/atomberg-ameza-5-star-1200-mm-3-blade-ceiling-fanbldc-motor-with-remote-gloss-black-pack-of-1"",""Link"")",0.0
"boAt Aavante Bar 590 with RMS, Dual Passive Radiatior & 7 Hours Playback 25 W Bluetooth Soundbar(Pebble Black, 2.0 Channel)","=HYPERLINK(""https://rukminim1.flixcart.com/image/200/200/xif0q/speaker/r/z/s/-original-imagz9cn93exxyrj.jpeg?q=90"",""Image"")",5990,73%,1599,"=HYPERLINK(""https://dealsheaven.in/deal/boat-aavante-bar-590-with-rms-dual-passive-radiatior-7-hours-playback-25-w-bluetooth-soundbarpebble-black-20-channel"",""Link"")",0.0
realme Pad 2 Lite 4 GB RAM 128 GB ROM 11.0 inch with 4G Tablet (Space Grey),"=HYPERLINK(""https://rukminim1.flixcart.com/image/200/200/xif0q/tablet/o/w/l/-original-imah4rktzgmeqjak.jpeg?q=90"",""Image"")",20999,38%,12999,"=HYPERLINK(""https://dealsheaven.in/deal/realme-pad-2-lite-4-gb-ram-128-gb-rom-110-inch-with-4g-tablet-space-grey"",""Link"")",0.0
N/A,"=HYPERLINK(""N/A"",""Image"")",N/A,N/A,N/A,"=HYPERLINK(""N/A"",""Link"")",N/A
"LG S95QR, World's 1st Triple Upfiring speaker, Dolby Atmos, IMAX, 810W, 9.1.5 Ch 810 W Bluetooth Soundbar(Dark Steel Silver, 9.1.5 Channel)","=HYPERLINK(""https://rukminim1.flixcart.com/image/200/200/xif0q/home-theatre-system/9/g/3/s95qr-lg-original-imagnawby7eazucj.jpeg?q=90"",""Image"")",139990,64%,49999,"=HYPERLINK(""https://dealsheaven.in/deal/lg-s95qr-worlds-1st-triple-upfiring-speaker-dolby-atmos-imax-810w-915-ch-810-w-bluetooth-soundbardark-steel-silver-915-channel"",""Link"")",0.0
"Lenovo LOQ AMD Ryzen 7 Octa Core 7435HS - (24 GB/512 GB SSD/Windows 11 Home/8 GB Graphics/NVIDIA GeForce RTX 4060) 15ARP9 Gaming Laptop(15.6 Inch, Luna Grey, 2.38 Kg, With MS Office)","=HYPERLINK(""https://rukminim1.flixcart.com/image/200/200/xif0q/computer/6/q/o/-original-imah4dcjgdruhnd2.jpeg?q=90"",""Image"")",124790,31%,84990,"=HYPERLINK(""https://dealsheaven.in/deal/lenovo-loq-amd-ryzen-7-octa-core-7435hs-24-gb512-gb-ssdwindows-11-home8-gb-graphicsnvidia-geforce-rtx-4060-15arp9-gaming-laptop156-inch-luna-grey-238-kg-with-ms-office"",""Link"")",0.0
"CARLTON LONDON Juicy Secrets Body Mist, Long Lasting Fruity Fragrance for Women, 250 ML Body Mist  -  For Women(250 ml)","=HYPERLINK(""https://rukminim1.flixcart.com/image/200/200/l2tcfbk0/deodorant/6/l/b/250-juicy-secrets-1-body-mist-carlton-london-women-original-image2hfzkjtrf5f.jpeg?q=90"",""Image"")",1499,70%,448,"=HYPERLINK(""https://dealsheaven.in/deal/carlton-london-juicy-secrets-body-mist-long-lasting-fruity-fragrance-for-women-250-ml-body-mist-for-women250-ml"",""Link"")",0.0
"BOROSIL Teal Lunch Box with Bag, 3 Pc (320 ml x 3 Square), Glass Office Tiifin 3 Containers Lunch Box(960 ml)","=HYPERLINK(""https://rukminim1.flixcart.com/image/200/200/k5jxfgw0/lunch-box/f/s/r/glass-lunch-box-set-of-3-320-ml-square-sky-borosil-3-original-imafz265nmhr6ugf.jpeg?q=90"",""Image"")",1495,53%,699,"=HYPERLINK(""https://dealsheaven.in/deal/borosil-teal-lunch-box-with-bag-3-pc-320-ml-x-3-square-glass-office-tiifin-3-containers-lunch-box960-ml"",""Link"")",0.0
Naturoz Popular California Almonds(1 kg),"=HYPERLINK(""https://rukminim1.flixcart.com/image/200/200/xif0q/nut-dry-fruit/t/8/7/1-popular-california-1-pouch-naturoz-original-imaghwdugsmyyvys.jpeg?q=90"",""Image"")",1495,52%,714,"=HYPERLINK(""https://dealsheaven.in/deal/naturoz-popular-california-almonds1-kg"",""Link"")",0.0
"Latibule Vitamin C Excess oil,And Makeup Residue Without Stripping The Skin's Natural Moisture(1 Items in the set)","=HYPERLINK(""https://rukminim1.flixcart.com/image/200/200/xif0q/combo-kit/n/q/m/vitamin-c-excess-oil-and-makeup-residue-without-stripping-the-original-imah2qhqwssvpwf4.jpeg?q=90"",""Image"")",1496,91%,123,"=HYPERLINK(""https://dealsheaven.in/deal/latibule-vitamin-c-excess-oiland-makeup-residue-without-stripping-the-skins-natural-moisture1-items-in-the-set"",""Link"")",0.0
"Sheldon Thrill Cycle for Kids with Power Break 20 T Mountain Cycle(Single Speed, Black, Only Front Suspension)","=HYPERLINK(""https://rukminim1.flixcart.com/image/200/200/xif0q/cycle/f/e/g/thrill-cycle-for-kids-with-power-break-black-20-13-sheldon-23-original-imagmegwqqd6vhwm.jpeg?q=90"",""Image"")",10759,81%,2000,"=HYPERLINK(""https://dealsheaven.in/deal/sheldon-thrill-cycle-for-kids-with-power-break-20-t-mountain-cyclesingle-speed-black-only-front-suspension"",""Link"")",0.0
"SAMSUNG Galaxy Watch 4 Classic, 46mm Super AMOLED LTE, Calling Body Composition Tracking  (Silver Strap, Free Size)","=HYPERLINK(""https://rukminim2.flixcart.com/image/416/416/ksxjs7k0/smartwatch/r/p/f/android-sm-r890nzsainu-samsung-yes-original-imag6dtgqd5bffrt.jpeg?q=70&crop=false"",""Image"")",42999,79%,8999,"=HYPERLINK(""https://dealsheaven.in/deal/samsung-galaxy-watch-4-classic-46mm-super-amoled-lte-calling-body-composition-tracking-silver-strap-free-size"",""Link"")",0.0
"Aeidess Back Cover for OnePlus Nord CE 3 Lite 5G(Black, Shock Proof, Pack of: 1)","=HYPERLINK(""https://rukminim1.flixcart.com/image/200/200/xif0q/cases-covers/back-cover/d/a/w/egl-1-nord-ce-3-lite-soking-original-imagqhazhybhwey5.jpeg?q=90"",""Image"")",999,90%,99,"=HYPERLINK(""https://dealsheaven.in/deal/aeidess-back-cover-for-oneplus-nord-ce-3-lite-5gblack-shock-proof-pack-of-1"",""Link"")",0.0
"Burger Shape Lunch Box, Microwave Safe Tiffin 3 Containers Lunch Box(400 ml)","=HYPERLINK(""https://rukminim1.flixcart.com/image/200/200/xif0q/shopsy-lunch-box/t/n/l/400-burger-shape-lunch-box-microwave-safe-tiffin-yes-locava-3-original-imahyre9exsrub2h.jpeg?q=90"",""Image"")",999,90%,97,"=HYPERLINK(""https://dealsheaven.in/deal/burger-shape-lunch-box-microwave-safe-tiffin-3-containers-lunch-box400-ml"",""Link"")",0.0
N/A,"=HYPERLINK(""N/A"",""Image"")",N/A,N/A,N/A,"=HYPERLINK(""N/A"",""Link"")",N/A
Daniel Radcliffe DRW001 Rose Gold Round Rose Gold Analog Watch  - For Women,"=HYPERLINK(""https://rukminim1.flixcart.com/image/200/200/xif0q/watch/h/z/p/1-drw001-daniel-radcliffe-women-original-imahfv8j7nf4ymv3.jpeg?q=90"",""Image"")",1999,83%,339,"=HYPERLINK(""https://dealsheaven.in/deal/daniel-radcliffe-drw001-rose-gold-round-rose-gold-analog-watch-for-women"",""Link"")",0.0
"Valley Green Enterprises Rio Mesh Mid Back Ergonomic Office/Study/Revolving/Computer Synthetic Fiber Office Executive Chair(Grey, DIY(Do-It-Yourself))","=HYPERLINK(""https://rukminim1.flixcart.com/image/200/200/xif0q/office-study-chair/o/3/s/1-iron-60-sigma-grey-mesh-chair-valley-green-enterprises-92-original-imah4s6mqzygfhdk.jpeg?q=90"",""Image"")",7999,79%,1631,"=HYPERLINK(""https://dealsheaven.in/deal/valley-green-enterprises-rio-mesh-mid-back-ergonomic-officestudyrevolvingcomputer-synthetic-fiber-office-executive-chairgrey-diydo-it-yourself"",""Link"")",0.0
Nature Aahar premium dry fruit mix (cashew almond raisin apricot mix dried fruit ) 500gm Assorted Nuts(500 g),"=HYPERLINK(""https://rukminim1.flixcart.com/image/200/200/xif0q/nut-dry-fruit/n/q/r/1-premium-international-healthy-dryfruit-mixed-dryfruits-original-imagvm7hxyzhezge.jpeg?q=90"",""Image"")",1299,80%,251,"=HYPERLINK(""https://dealsheaven.in/deal/nature-aahar-premium-dry-fruit-mix-cashew-almond-raisin-apricot-mix-dried-fruit-500gm-assorted-nuts500-g"",""Link"")",0.0
smartdrops Sunscreen - SPF 50 PA+++ Sunblock Sunscreen Creem For Deeply Hydrating(120 ml),"=HYPERLINK(""https://rukminim1.flixcart.com/image/200/200/xif0q/sunscreen/o/x/s/120-sunblock-sunscreen-creem-for-deeply-hydrating-50-smartdrops-original-imahyvmfkuaxt8dz.jpeg?q=90"",""Image"")",598,79%,125,"=HYPERLINK(""https://dealsheaven.in/deal/smartdrops-sunscreen-spf-50-pa-sunblock-sunscreen-creem-for-deeply-hydrating120-ml"",""Link"")",0.0
Whisper Combo of Ultra Clean and Bindazz Nights XL+ for Women Sanitary Pad(Pack of 144),"=HYPERLINK(""https://rukminim1.flixcart.com/image/200/200/xif0q/sanitary-pad-pantyliner/r/7/b/-original-imagk7tfkmt8msyc.jpeg?q=90"",""Image"")",1967,48%,1013,"=HYPERLINK(""https://dealsheaven.in/deal/whisper-combo-of-ultra-clean-and-bindazz-nights-xl-for-women-sanitary-padpack-of-144"",""Link"")",0.0
Master Classic 3 L Outer Lid Induction Bottom Pressure Cooker(Aluminium),"=HYPERLINK(""https://rukminim1.flixcart.com/image/200/200/xif0q/pressure-cooker/m/o/6/-original-imaguxawxgacgycf.jpeg?q=90"",""Image"")",1169,53%,549,"=HYPERLINK(""https://dealsheaven.in/deal/master-classic-3-l-outer-lid-induction-bottom-pressure-cookeraluminium"",""Link"")",0.0
Fastrack Vyb Mirage Black Dial Black Strap Analog Watch  - For Women,"=HYPERLINK(""https://rukminim1.flixcart.com/image/200/200/xif0q/watch/g/t/7/1-fv60003nm01w-fastrack-women-original-imah2y6mx627ugex.jpeg?q=90"",""Image"")",2420,64%,859,"=HYPERLINK(""https://dealsheaven.in/deal/fastrack-vyb-mirage-black-dial-black-strap-analog-watch-for-women"",""Link"")",0.0
GUESS Rose Gold Dial Digital Watch  - For Women,"=HYPERLINK(""https://rukminim1.flixcart.com/image/200/200/xif0q/watch/i/p/t/-original-imagswy5gtbwgryq.jpeg?q=90"",""Image"")",15995,72%,4469,"=HYPERLINK(""https://dealsheaven.in/deal/guess-rose-gold-dial-digital-watch-for-women"",""Link"")",0.0
GUESS Black Dial Digital Watch  - For Women,"=HYPERLINK(""https://rukminim1.flixcart.com/image/200/200/xif0q/watch/x/m/w/-original-imagswy6asyudafn.jpeg?q=90"",""Image"")",13995,75%,3439,"=HYPERLINK(""https://dealsheaven.in/deal/guess-black-dial-digital-watch-for-women"",""Link"")",0.0
ARISTOCRAT Enigma 52 CM Polyester Softsided Cabin size 2Wheels Duffle Bag - Blue Duffel Without Wheels,"=HYPERLINK(""https://rukminim1.flixcart.com/image/200/200/xif0q/duffel-bag/g/a/b/-original-imah46hgeughagsq.jpeg?q=90"",""Image"")",2080,81%,389,"=HYPERLINK(""https://dealsheaven.in/deal/aristocrat-enigma-52-cm-polyester-softsided-cabin-size-2wheels-duffle-bag-blue-duffel-without-wheels"",""Link"")",0.0
"NottyBoy Extra Lubricated and Ribbed, Dotted, Contour, Long Lasting Combo Pack Condom(Set of 10, 100 Sheets)","=HYPERLINK(""https://rukminim1.flixcart.com/image/200/200/xif0q/condom/c/e/k/100-set-extra-lubricated-and-ribbed-dotted-contour-long-lasting-original-imagzh5jdxftg5qz.jpeg?q=90"",""Image"")",2150,89%,230,"=HYPERLINK(""https://dealsheaven.in/deal/nottyboy-extra-lubricated-and-ribbed-dotted-contour-long-lasting-combo-pack-condomset-of-10-100-sheets"",""Link"")",0.0
"Crompton Laser Ray Smile 20W Straight Linear LED 20 W Tube Light(White, Pack of 8)","=HYPERLINK(""https://rukminim1.flixcart.com/image/200/200/xif0q/tube-light/g/6/7/-original-imah2myxywpz2bmu.jpeg?q=90"",""Image"")",4800,77%,1099,"=HYPERLINK(""https://dealsheaven.in/deal/crompton-laser-ray-smile-20w-straight-linear-led-20-w-tube-lightwhite-pack-of-8"",""Link"")",0.0
"Longway Kestro 1500 W with Stainless Steel Body for Boiling Electric Kettle(2 L, Black)","=HYPERLINK(""https://rukminim1.flixcart.com/image/200/200/xif0q/electric-kettle/y/g/x/-original-imah3kdqznrzhqns.jpeg?q=90"",""Image"")",1299,69%,399,"=HYPERLINK(""https://dealsheaven.in/deal/longway-kestro-1500-w-with-stainless-steel-body-for-boiling-electric-kettle2-l-black"",""Link"")",0.0
"Kenstar 25 L Storage Water Geyser (Emeta, WHITE & BLACK)","=HYPERLINK(""https://rukminim1.flixcart.com/image/200/200/xif0q/water-geyser/b/g/7/2020-emeta-25l-0-kenstar-25-original-imah4ktbvwdsqub3.jpeg?q=90"",""Image"")",10240,46%,5499,"=HYPERLINK(""https://dealsheaven.in/deal/kenstar-25-l-storage-water-geyser-emeta-white-black"",""Link"")",0.0
"Kenstar 3 L Instant Water Geyser (JACUZZI NEO 3L, White)","=HYPERLINK(""https://rukminim1.flixcart.com/image/200/200/xif0q/water-geyser/h/k/x/2023-jacuzzi-neo-3l-3000-kenstar-3-original-imah47hsfk5vxu4f.jpeg?q=90"",""Image"")",5990,66%,1999,"=HYPERLINK(""https://dealsheaven.in/deal/kenstar-3-l-instant-water-geyser-jacuzzi-neo-3l-white"",""Link"")",0.0
Phillauri Teeth Whitening Powder||Boosts Self-confidence|||(pack of 3) Teeth Whitening Kit,"=HYPERLINK(""https://rukminim1.flixcart.com/image/200/200/xif0q/teeth-whitening-kit/g/6/f/teeth-whitening-powder-boosts-self-confidence-pack-of-3-original-imah29t75bzvbmw4.jpeg?q=90"",""Image"")",897,88%,99,"=HYPERLINK(""https://dealsheaven.in/deal/phillauri-teeth-whitening-powderboosts-self-confidencepack-of-3-teeth-whitening-kit"",""Link"")",0.0
"NEXT English Leather INTENSE Whiff of Sensation Deo, 3 Luxurious Packs Perfume Body Spray  -  For Men & Women(360 ml, Pack of 3)","=HYPERLINK(""https://rukminim1.flixcart.com/image/200/200/xif0q/deodorant/q/v/u/360-english-leather-intense-whiff-of-sensation-deo-3-luxurious-original-imagq4yfbjmsqsj4.jpeg?q=90"",""Image"")",747,60%,293,"=HYPERLINK(""https://dealsheaven.in/deal/next-english-leather-intense-whiff-of-sensation-deo-3-luxurious-packs-perfume-body-spray-for-men-women360-ml-pack-of-3"",""Link"")",0.0
HAIR & CARE Pro Blend Damage Repair Combo | 300ml Shampoo + 300ml Oil |Avocado & Olive Oil(2 Items in the set),"=HYPERLINK(""https://rukminim1.flixcart.com/image/200/200/xif0q/combo-kit/4/s/4/-original-imagugp5wczsangq.jpeg?q=90"",""Image"")",599,62%,227,"=HYPERLINK(""https://dealsheaven.in/deal/hair-care-pro-blend-damage-repair-combo-300ml-shampoo-300ml-oil-avocado-olive-oil2-items-in-the-set"",""Link"")",0.0
Latibule KOREAN BEAUTY.DR - KOREAN ORIGINAL GOT MILK WHITENING SHOWERS GEL (300 ml) pk 3(2 x 300 ml),"=HYPERLINK(""https://rukminim1.flixcart.com/image/200/200/xif0q/body-wash/y/p/b/600-korean-beauty-dr-korean-original-got-milk-whitening-showers-original-imah4qqr99xrzenf.jpeg?q=90"",""Image"")",998,90%,99,"=HYPERLINK(""https://dealsheaven.in/deal/latibule-korean-beautydr-korean-original-got-milk-whitening-showers-gel-300-ml-pk-32-x-300-ml"",""Link"")",0.0
PureSense Saffron Oud + Rose Honey Perfume Gift Set Pack of (2x50ml) Long Lasting Eau de Parfum  -  100 ml(For Women),"=HYPERLINK(""https://rukminim1.flixcart.com/image/200/200/xif0q/perfume/e/z/p/100-perfume-gift-set-pack-of-2x50ml-premium-luxury-long-lasting-original-imah223ardnh6aj2.jpeg?q=90"",""Image"")",998,75%,249,"=HYPERLINK(""https://dealsheaven.in/deal/puresense-saffron-oud-rose-honey-perfume-gift-set-pack-of-2x50ml-long-lasting-eau-de-parfum-100-mlfor-women"",""Link"")",0.0
"Bellavita Noir & Azure Deo Parfum Combo|2x150ml|Long lasting Body spray| Deodorant Spray  -  For Men & Women(300 ml, Pack of 2)","=HYPERLINK(""https://rukminim1.flixcart.com/image/200/200/xif0q/deodorant/0/r/b/300-noir-azure-deo-parfum-combo-2x150ml-long-lasting-body-spray-original-imahfhbkhfpgjcbs.jpeg?q=90"",""Image"")",499,60%,199,"=HYPERLINK(""https://dealsheaven.in/deal/bellavita-noir-azure-deo-parfum-combo2x150mllong-lasting-body-spray-deodorant-spray-for-men-women300-ml-pack-of-2"",""Link"")",0.0
VILARIA Alovera Shampoo Cleanses and Purifies Hair Promotes Healthy Growth For All Hair(250 ml),"=HYPERLINK(""https://rukminim1.flixcart.com/image/200/200/xif0q/shampoo/u/o/a/250-alovera-shampoo-cleanses-and-purifies-hair-promotes-healthy-original-imagxjsgbjhywg2p.jpeg?q=90"",""Image"")",699,85%,99,"=HYPERLINK(""https://dealsheaven.in/deal/vilaria-alovera-shampoo-cleanses-and-purifies-hair-promotes-healthy-growth-for-all-hair250-ml"",""Link"")",0.0
"OSCAR Big Shot Deodorant Jazz Club, Privee & Eros (150ml each) Deodorant Spray  -  For Men(600 ml, Pack of 4)","=HYPERLINK(""https://rukminim1.flixcart.com/image/200/200/xif0q/deodorant/t/m/t/-original-imah48wthwqbnghm.jpeg?q=90"",""Image"")",924,73%,249,"=HYPERLINK(""https://dealsheaven.in/deal/oscar-big-shot-deodorant-jazz-club-privee-eros-150ml-each-deodorant-spray-for-men600-ml-pack-of-4"",""Link"")",0.0
[With Bank offer] Hisense 80 cm (32 inch) Ultra HD (4K) LED Smart Google TV 2024 Edition(32E43N),"=HYPERLINK(""https://rukminim1.flixcart.com/image/200/200/xif0q/television/z/0/q/-original-imah4zprgkdqzdfd.jpeg?q=90"",""Image"")",24999,63%,9248,"=HYPERLINK(""https://dealsheaven.in/deal/with-bank-offer-hisense-80-cm-32-inch-ultra-hd-4k-led-smart-google-tv-2024-edition32e43n"",""Link"")",0.0
"boAt Airdopes Drift with Beast Mode, Blazing LEDs, 40 HRS Playback & ENx Technology Bluetooth(Black Sabre, True Wireless)","=HYPERLINK(""https://rukminim1.flixcart.com/image/200/200/xif0q/headphone/o/t/7/-original-imah3puehspv7dhs.jpeg?q=90"",""Image"")",5990,79%,1199,"=HYPERLINK(""https://dealsheaven.in/deal/boat-airdopes-drift-with-beast-mode-blazing-leds-40-hrs-playback-enx-technology-bluetoothblack-sabre-true-wireless"",""Link"")",0.0
"Veet Pure Hair Removal - Normal Skin Cream 50g,Set Of 3 Cream(150 g, Set of 3)","=HYPERLINK(""https://rukminim1.flixcart.com/image/200/200/xif0q/hair-removal/w/k/0/-original-imah35z8ec2kqamp.jpeg?q=90"",""Image"")",477,60%,190,"=HYPERLINK(""https://dealsheaven.in/deal/veet-pure-hair-removal-normal-skin-cream-50gset-of-3-cream150-g-set-of-3"",""Link"")",0.0
"Boult Q 70Hrs Battery, ENC Mic, 40mm Boosted Drivers, 4 EQ Modes, Supreme Bass, 5.4v Bluetooth & Wired(Beige, On the Ear)","=HYPERLINK(""https://rukminim1.flixcart.com/image/200/200/xif0q/headphone/i/u/q/-original-imah4axkreh3thcg.jpeg?q=90"",""Image"")",5999,78%,1299,"=HYPERLINK(""https://dealsheaven.in/deal/boult-q-70hrs-battery-enc-mic-40mm-boosted-drivers-4-eq-modes-supreme-bass-54v-bluetooth-wiredbeige-on-the-ear"",""Link"")",0.0
"PUMA Puma Men White Black Colourblocked IDP Sneakers Sneakers For Men(Black , 9)","=HYPERLINK(""https://rukminim1.flixcart.com/image/200/200/xif0q/shoe/3/1/y/-original-imagz5bzdjmzvynt.jpeg?q=90"",""Image"")",4499,79%,941,"=HYPERLINK(""https://dealsheaven.in/deal/puma-puma-men-white-black-colourblocked-idp-sneakers-sneakers-for-menblack-9"",""Link"")",0.0
"Boult Q 70Hrs Battery, ENC Mic, 40mm Boosted Drivers, 4 EQ Modes, Supreme Bass, 5.4v Bluetooth & Wired(Black, On the Ear)","=HYPERLINK(""https://rukminim1.flixcart.com/image/200/200/xif0q/headphone/k/e/v/-original-imah4axk5pwgfq73.jpeg?q=90"",""Image"")",5999,78%,1299,"=HYPERLINK(""https://dealsheaven.in/deal/boult-q-70hrs-battery-enc-mic-40mm-boosted-drivers-4-eq-modes-supreme-bass-54v-bluetooth-wiredblack-on-the-ear"",""Link"")",0.0
"Crompton Laser Ray Smile 20W Straight Linear LED 20 W Tube Light(White, Pack of 4)","=HYPERLINK(""https://rukminim1.flixcart.com/image/200/200/xif0q/tube-light/s/s/h/-original-imah2myxmytmzqgz.jpeg?q=90"",""Image"")",2400,75%,599,"=HYPERLINK(""https://dealsheaven.in/deal/crompton-laser-ray-smile-20w-straight-linear-led-20-w-tube-lightwhite-pack-of-4"",""Link"")",0.0
Phillauri Red Onion Blackseed Hair Combo Kit with Ubtan Facewash Combo Kit(5 Items in the set),"=HYPERLINK(""https://rukminim1.flixcart.com/image/200/200/xif0q/combo-kit/m/e/z/red-onion-blackseed-hair-combo-kit-with-ubtan-facewash-combo-kit-original-imagxz9sqdmjhqhd.jpeg?q=90"",""Image"")",1995,92%,149,"=HYPERLINK(""https://dealsheaven.in/deal/phillauri-red-onion-blackseed-hair-combo-kit-with-ubtan-facewash-combo-kit5-items-in-the-set"",""Link"")",0.0
"Crompton Laser Ray Smile 20W Straight Linear LED 20 W Tube Light(White, Pack of 8)","=HYPERLINK(""https://rukminim1.flixcart.com/image/200/200/xif0q/tube-light/g/6/7/-original-imah2myxywpz2bmu.jpeg?q=90"",""Image"")",4800,79%,999,"=HYPERLINK(""https://dealsheaven.in/deal/crompton-laser-ray-smile-20w-straight-linear-led-20-w-tube-lightwhite-pack-of-8"",""Link"")",0.0
"Longway 2200 W Induction Cooktop Touch Panel(Black, Infralite Pro ICT 2200 W Infrared Cooktop with Free Stainless Steel Grill)","=HYPERLINK(""https://rukminim1.flixcart.com/image/200/200/xif0q/induction-cook-top/s/n/m/-original-imah3cuhhwwhbfx3.jpeg?q=90"",""Image"")",6159,70%,1799,"=HYPERLINK(""https://dealsheaven.in/deal/longway-2200-w-induction-cooktop-touch-panelblack-infralite-pro-ict-2200-w-infrared-cooktop-with-free-stainless-steel-grill"",""Link"")",0.0
"NOVA NKT-2750 Electric Kettle(1.5 L, Black)","=HYPERLINK(""https://rukminim1.flixcart.com/image/200/200/xif0q/electric-kettle/n/6/q/nkt-2750-nkt-2750-nova-original-imahf2kyxvx2ft6b.jpeg?q=90"",""Image"")",1695,71%,489,"=HYPERLINK(""https://dealsheaven.in/deal/nova-nkt-2750-electric-kettle15-l-black"",""Link"")",0.0
Almo Flora Deco Smk Brn 1200 mm 3 Blade Ceiling Fan(Anti Dust | Smocked Brown | Pack of 1),"=HYPERLINK(""https://rukminim1.flixcart.com/image/200/200/xif0q/fan/6/o/j/deco-1200-mm-48-inch-high-speed-decorative-cnc-winded-anti-dust-original-imah2fathwggpyfh.jpeg?q=90"",""Image"")",3010,66%,1019,"=HYPERLINK(""https://dealsheaven.in/deal/almo-flora-deco-smk-brn-1200-mm-3-blade-ceiling-fananti-dust-smocked-brown-pack-of-1"",""Link"")",0.0
"Judge by Prestige - 500 W Mixer Grinder(Electricals Comet | 3 Jars | White, Black)","=HYPERLINK(""https://rukminim1.flixcart.com/image/200/200/xif0q/mixer-grinder-juicer/p/y/9/electricals-comet-judge-original-imahygehsunvaxap.jpeg?q=90"",""Image"")",3495,71%,999,"=HYPERLINK(""https://dealsheaven.in/deal/judge-by-prestige-500-w-mixer-grinderelectricals-comet-3-jars-white-black"",""Link"")",0.0
"Almo Centa Ultra Stylish Decorative Designed, High Speed 1200 mm 3 Blade Ceiling Fan(Brown | Pack of 2)","=HYPERLINK(""https://rukminim1.flixcart.com/image/200/200/xif0q/fan/p/6/z/centa-ultra-stylish-decorative-designed-high-speed-50-2-ceiling-original-imah4k3nhrthgsze.jpeg?q=90"",""Image"")",6006,71%,1699,"=HYPERLINK(""https://dealsheaven.in/deal/almo-centa-ultra-stylish-decorative-designed-high-speed-1200-mm-3-blade-ceiling-fanbrown-pack-of-2"",""Link"")",0.0
"ACTIVA 3 L Instant Water Geyser (ACT_PREM_WHITE, White)","=HYPERLINK(""https://rukminim1.flixcart.com/image/200/200/xif0q/water-geyser/u/f/j/2022-act-prem-white-3000-activa-3-original-imagyydpq7cgfnyj.jpeg?q=90"",""Image"")",3790,61%,1441,"=HYPERLINK(""https://dealsheaven.in/deal/activa-3-l-instant-water-geyser-act-prem-white-white"",""Link"")",0.0
"FRENCH ESSENCE Combi Pack of Jazz,Noir & Triumph 50 Ml Each Deodorant Spray  -  For Men(150 ml, Pack of 3)","=HYPERLINK(""https://rukminim1.flixcart.com/image/200/200/xif0q/deodorant/b/i/t/150-combi-pack-of-jazz-noir-triumph-50-ml-each-3-deodorant-spray-original-imah3zndcqvujmqg.jpeg?q=90"",""Image"")",255,40%,153,"=HYPERLINK(""https://dealsheaven.in/deal/french-essence-combi-pack-of-jazznoir-triumph-50-ml-each-deodorant-spray-for-men150-ml-pack-of-3"",""Link"")",0.0
"NEXT FRESH GENTLEMEN INTENSE PACK OF 3 Body Spray  -  For Men & Women(360 ml, Pack of 3)","=HYPERLINK(""https://rukminim1.flixcart.com/image/200/200/xif0q/shopsy-deodorant/4/j/s/360-english-leather-fresh-gentlemen-and-intense-perfumed-body-original-imah3ff3jfdus6fz.jpeg?q=90"",""Image"")",747,58%,309,"=HYPERLINK(""https://dealsheaven.in/deal/next-fresh-gentlemen-intense-pack-of-3-body-spray-for-men-women360-ml-pack-of-3"",""Link"")",0.0
"THE MAN COMPANY Privilege Intense, Active & Bold Deodorant Spray  -  For Men(450 ml, Pack of 3)","=HYPERLINK(""https://rukminim1.flixcart.com/image/200/200/xif0q/deodorant/i/y/7/450-privilege-intense-active-bold-3-deodorant-spray-the-man-original-imahf2gwddkzmnua.jpeg?q=90"",""Image"")",897,77%,206,"=HYPERLINK(""https://dealsheaven.in/deal/the-man-company-privilege-intense-active-bold-deodorant-spray-for-men450-ml-pack-of-3-2"",""Link"")",0.0
Latibule KOREA BEAUTY.DR - KOREAN ORIGINAL GOT MILK WHITENING SHOWERS GEL (300 ml) pk 3(2 x 300 ml),"=HYPERLINK(""https://rukminim1.flixcart.com/image/200/200/xif0q/body-wash/v/4/w/600-korea-beauty-dr-korean-original-got-milk-whitening-showers-original-imah4ecczvnsupmg.jpeg?q=90"",""Image"")",998,90%,99,"=HYPERLINK(""https://dealsheaven.in/deal/latibule-korea-beautydr-korean-original-got-milk-whitening-showers-gel-300-ml-pk-32-x-300-ml"",""Link"")",0.0
"MarQ by Flipkart 33-Litre with 4 Skewers and Inbuilt light Oven Toaster Grill (OTG)(33AOTMQB, Black)","=HYPERLINK(""https://rukminim1.flixcart.com/image/200/200/xif0q/otg-new/g/m/q/-original-imagkquzay5bhzmz.jpeg?q=90"",""Image"")",6499,69%,1999,"=HYPERLINK(""https://dealsheaven.in/deal/marq-by-flipkart-33-litre-with-4-skewers-and-inbuilt-light-oven-toaster-grill-otg33aotmqb-black"",""Link"")",5.0
N/A,"=HYPERLINK(""N/A"",""Image"")",N/A,N/A,N/A,"=HYPERLINK(""N/A"",""Link"")",N/A
SAMSUNG EVO Select 256 GB MicroSDXC Class 10 130 MB/s  Memory Card(With Adapter),"=HYPERLINK(""https://rukminim1.flixcart.com/image/200/200/xif0q/memory-card/microsdxc/o/m/t/evo-select-samsung-original-imah2w5m26hcuvqk.jpeg?q=90"",""Image"")",4599,73%,1199,"=HYPERLINK(""https://dealsheaven.in/deal/samsung-evo-select-256-gb-microsdxc-class-10-130-mbs-memory-cardwith-adapter"",""Link"")",0.0
"Lifelong 4 L Thermoelectric Cooling Single Door Refrigerator(White, LLPR04W)","=HYPERLINK(""https://rukminim1.flixcart.com/image/200/200/xif0q/refrigerator-new/a/l/8/-original-imagg48wyszffxet.jpeg?q=90"",""Image"")",9999,60%,3990,"=HYPERLINK(""https://dealsheaven.in/deal/lifelong-4-l-thermoelectric-cooling-single-door-refrigeratorwhite-llpr04w"",""Link"")",0.0
"IMPULSE Hard Sided PP 4 Wheel Spinner, Unbreakable Trolley Bag with Combi Lock Cabin Suitcase 8 Wheels - 35 inch","=HYPERLINK(""https://rukminim1.flixcart.com/image/200/200/xif0q/suitcase/v/n/1/65-hard-sided-pp-4-wheel-spinner-unbreakable-trolley-bag-with-original-imah4pmsa8farhth.jpeg?q=90"",""Image"")",9999,90%,999,"=HYPERLINK(""https://dealsheaven.in/deal/impulse-hard-sided-pp-4-wheel-spinner-unbreakable-trolley-bag-with-combi-lock-cabin-suitcase-8-wheels-35-inch"",""Link"")",0.0
"Huggies Complete Comfort Wonder Pants, India's Fastest Absorbing Diaper | - S  (112 Pieces)","=HYPERLINK(""https://rukminim2.flixcart.com/image/416/416/xif0q/diaper/y/d/i/-original-imagtt6eyh4jkgpj.jpeg?q=70&crop=false"",""Image"")",1698,50%,840,"=HYPERLINK(""https://dealsheaven.in/deal/huggies-complete-comfort-wonder-pants-indias-fastest-absorbing-diaper-s-112-pieces"",""Link"")",0.0
Kamiliant by American Tourister Kam Triprism Sp Check-in Suitcase 4 Wheels - 27 inch,"=HYPERLINK(""https://rukminim1.flixcart.com/image/200/200/xif0q/suitcase/f/y/r/-original-imagmvdhezrqtg9h.jpeg?q=90"",""Image"")",9775,85%,1399,"=HYPERLINK(""https://dealsheaven.in/deal/kamiliant-by-american-tourister-kam-triprism-sp-check-in-suitcase-4-wheels-27-inch"",""Link"")",0.0
Latibule Foaming Vitamin c  | Built in Brush for Deep Cleansing | For Oily & Dry Skin Face Wash(50 ml),"=HYPERLINK(""https://rukminim1.flixcart.com/image/200/200/xif0q/face-wash/o/m/b/50-foaming-vitamin-c-face-wash-built-in-brush-for-deep-cleansing-original-imah2rfcfafxrpkx.jpeg?q=90"",""Image"")",1197,91%,99,"=HYPERLINK(""https://dealsheaven.in/deal/latibule-foaming-vitamin-c-built-in-brush-for-deep-cleansing-for-oily-dry-skin-face-wash50-ml"",""Link"")",0.0
MACIZO Preto ISI Certified with 1 Year Warranty (with Doorstep Service) Glass Manual Gas Stove(2 Burners),"=HYPERLINK(""https://rukminim1.flixcart.com/image/200/200/xif0q/gas-stove/s/m/m/2-4-5-preto-2br-macizo-59-5-manual-original-imahyff6phkhhfvk.jpeg?q=90"",""Image"")",6699,79%,1399,"=HYPERLINK(""https://dealsheaven.in/deal/macizo-preto-isi-certified-with-1-year-warranty-with-doorstep-service-glass-manual-gas-stove2-burners"",""Link"")",0.0
Acer Advanced I Series 164 cm (65 inch) Ultra HD (4K) LED Smart Google TV(AR65GR2851UDFL),"=HYPERLINK(""https://rukminim1.flixcart.com/image/200/200/xif0q/television/7/l/n/-original-imagu2cfnpgdhkmr.jpeg?q=90"",""Image"")",78990,41%,45999,"=HYPERLINK(""https://dealsheaven.in/deal/acer-advanced-i-series-164-cm-65-inch-ultra-hd-4k-led-smart-google-tvar65gr2851udfl"",""Link"")",0.0
Straplt Black Sling Bag Cross Body Messenger Sling Bag for Men & Women Messenger Bag,"=HYPERLINK(""https://rukminim1.flixcart.com/image/200/200/xif0q/sling-bag/h/s/v/cross-body-messenger-sling-bag-for-men-women-messenger-bag-1-18-original-imahfg8kpvqap42n.jpeg?q=90"",""Image"")",799,81%,145,"=HYPERLINK(""https://dealsheaven.in/deal/straplt-black-sling-bag-cross-body-messenger-sling-bag-for-men-women-messenger-bag"",""Link"")",0.0
Dermatouch Kojic Acid 2% Cream | For Pigmentation and Dark Spots reduction(30 g),"=HYPERLINK(""https://rukminim1.flixcart.com/image/200/200/xif0q/skin-treatment/z/e/m/30-kojic-acid-2-cream-for-pigmentation-and-dark-spots-reduction-original-imah46h3ucd2q3kf.jpeg?q=90"",""Image"")",490,77%,109,"=HYPERLINK(""https://dealsheaven.in/deal/dermatouch-kojic-acid-2-cream-for-pigmentation-and-dark-spots-reduction30-g"",""Link"")",0.0
N/A,"=HYPERLINK(""N/A"",""Image"")",N/A,N/A,N/A,"=HYPERLINK(""N/A"",""Link"")",N/A
Lifelong LLM441 Car Seat Massager Massager(Black),"=HYPERLINK(""https://rukminim1.flixcart.com/image/200/200/xif0q/massager/a/f/l/car-seat-massager-llm441-lifelong-original-imagzyrcefwvuty6.jpeg?q=90"",""Image"")",29999,80%,5999,"=HYPERLINK(""https://dealsheaven.in/deal/lifelong-llm441-car-seat-massager-massagerblack"",""Link"")",0.0
"Wipro VE011180 Electric Kettle(1.8 L, Black)","=HYPERLINK(""https://rukminim1.flixcart.com/image/200/200/xif0q/electric-kettle/e/v/g/ve011180-wipro-original-imagz7affezfnzmh.jpeg?q=90"",""Image"")",1999,50%,999,"=HYPERLINK(""https://dealsheaven.in/deal/wipro-ve011180-electric-kettle18-l-black"",""Link"")",0.0
BAJAJ Almond Drops Anti Hairfall Shampoo and Conditioner Combo Kit(515 ml),"=HYPERLINK(""https://rukminim1.flixcart.com/image/200/200/xif0q/shampoo/g/z/z/-original-imagtdskyzcfy9ar.jpeg?q=90"",""Image"")",520,61%,202,"=HYPERLINK(""https://dealsheaven.in/deal/bajaj-almond-drops-anti-hairfall-shampoo-and-conditioner-combo-kit515-ml"",""Link"")",0.0
everteen Period Care XXL 40 Soft & 40 Dry Enriched With Neem and Safflower Sanitary Pad(Pack of 80),"=HYPERLINK(""https://rukminim1.flixcart.com/image/200/200/xif0q/sanitary-pad-pantyliner/q/q/y/period-care-xxl-40-soft-40-dry-enriched-with-neem-and-safflower-original-imah4f768excrc8r.jpeg?q=90"",""Image"")",798,66%,271,"=HYPERLINK(""https://dealsheaven.in/deal/everteen-period-care-xxl-40-soft-40-dry-enriched-with-neem-and-safflower-sanitary-padpack-of-80"",""Link"")",0.0
Qraa Underarm Whitening Kit for Dark Underarms(2 Items in the set),"=HYPERLINK(""https://rukminim1.flixcart.com/image/200/200/xif0q/combo-kit/l/2/t/underarm-whitening-kit-for-dark-underarms-2-combo-kit-qraa-original-imahyq6ehfamckps.jpeg?q=90"",""Image"")",750,72%,204,"=HYPERLINK(""https://dealsheaven.in/deal/qraa-underarm-whitening-kit-for-dark-underarms2-items-in-the-set"",""Link"")",0.0
Vivel Glycerin Bathing Bar Soap with Pure Almond Oil & Vitamin E(9 x 13.89 g),"=HYPERLINK(""https://rukminim1.flixcart.com/image/200/200/xif0q/soap/u/y/5/9-1125-glycerin-bathing-bar-soap-for-moisturized-skin-with-pure-original-imagqkj6sbg6unnz.jpeg?q=90"",""Image"")",750,60%,300,"=HYPERLINK(""https://dealsheaven.in/deal/vivel-glycerin-bathing-bar-soap-with-pure-almond-oil-vitamin-e9-x-1389-g"",""Link"")",0.0
THE MAN COMPANY Deodorant For Men - Privilege Legend | Deodorant Spray  -  For Men(150 ml),"=HYPERLINK(""https://rukminim1.flixcart.com/image/200/200/kxnl6kw0/deodorant/7/n/g/150-deodorant-for-men-privilege-legend-premium-fragrance-long-original-imaga266nurhhkah.jpeg?q=90"",""Image"")",249,80%,49,"=HYPERLINK(""https://dealsheaven.in/deal/the-man-company-deodorant-for-men-privilege-legend-deodorant-spray-for-men150-ml"",""Link"")",0.0
CP PLUS Set 4+4 Dome and Bullet CCTV Camera Full HD with DVR Night Vision and DVR with all accessories Security Camera(4 Channel),"=HYPERLINK(""https://rukminim1.flixcart.com/image/200/200/j8g870w0/home-security-camera/9/g/d/set-4-4-dome-and-bullet-cctv-camera-full-hd-with-dvr-night-original-imaey87yzz878zrb.jpeg?q=90"",""Image"")",40000,70%,11870,"=HYPERLINK(""https://dealsheaven.in/deal/cp-plus-set-44-dome-and-bullet-cctv-camera-full-hd-with-dvr-night-vision-and-dvr-with-all-accessories-security-camera4-channel"",""Link"")",0.0
OctaDecore Nature Brown Wallpaper(125 cm x 45 cm),"=HYPERLINK(""https://rukminim1.flixcart.com/image/200/200/xif0q/wallpaper/u/a/d/250-45-1-phoolpati01-octadecore-original-imah3z95achbesaa.jpeg?q=90"",""Image"")",429,88%,49,"=HYPERLINK(""https://dealsheaven.in/deal/octadecore-nature-brown-wallpaper125-cm-x-45-cm"",""Link"")",0.0
"Flipkart SmartBuy FKSB 16 Trimmer 45 min  Runtime 4 Length Settings(Blue, Silver)","=HYPERLINK(""https://rukminim1.flixcart.com/image/200/200/xif0q/trimmer/0/9/v/0-5-12-mm-fksb-16-stainless-steel-cordless-flipkart-smartbuy-original-imah3xnt5v2ef47z.jpeg?q=90"",""Image"")",1299,69%,392,"=HYPERLINK(""https://dealsheaven.in/deal/flipkart-smartbuy-fksb-16-trimmer-45-min-runtime-4-length-settingsblue-silver"",""Link"")",0.0
N/A,"=HYPERLINK(""N/A"",""Image"")",N/A,N/A,N/A,"=HYPERLINK(""N/A"",""Link"")",N/A
Flipkart SmartBuy FKSB 15 Trimmer 45 min  Runtime 4 Length Settings(Blue),"=HYPERLINK(""https://rukminim1.flixcart.com/image/200/200/xif0q/trimmer/a/s/d/0-5-12-mm-fksb-15-stainless-steel-cordless-flipkart-smartbuy-original-imah3xnkyhmpjytr.jpeg?q=90"",""Image"")",1299,69%,392,"=HYPERLINK(""https://dealsheaven.in/deal/flipkart-smartbuy-fksb-15-trimmer-45-min-runtime-4-length-settingsblue"",""Link"")",0.0
"Engage Nature Deo: 2 Berry Bloom & 1 French Garden (150ml X 3) Deodorant Spray  -  For Women(450 ml, Pack of 3)","=HYPERLINK(""https://rukminim1.flixcart.com/image/200/200/xif0q/deodorant/i/s/m/450-deo-spray-berry-bloom-pack-of-2-french-garden-pack-of-1-original-imagyzr9smf2ry9q.jpeg?q=90"",""Image"")",747,63%,276,"=HYPERLINK(""https://dealsheaven.in/deal/engage-nature-deo-2-berry-bloom-1-french-garden-150ml-x-3-deodorant-spray-for-women450-ml-pack-of-3"",""Link"")",0.0
BAJAJ Almond Drops Hair Serum with Almond Oil & Vitamin E for 48 hrs Frizz Control(100 ml),"=HYPERLINK(""https://rukminim1.flixcart.com/image/200/200/xif0q/hair-serum/7/8/h/-original-imagv4u9smhzggja.jpeg?q=90"",""Image"")",360,51%,176,"=HYPERLINK(""https://dealsheaven.in/deal/bajaj-almond-drops-hair-serum-with-almond-oil-vitamin-e-for-48-hrs-frizz-control100-ml"",""Link"")",0.0
VI-JOHN Charcoal Shaving Foam Infused with Joboba oil Pack of 1(300 g),"=HYPERLINK(""https://rukminim1.flixcart.com/image/200/200/xif0q/shaving-foam/y/j/u/300-charcoal-shaving-foam-infused-with-joboba-oil-pack-of-1-vi-original-imagw8f4gwrvztzz.jpeg?q=90"",""Image"")",299,53%,139,"=HYPERLINK(""https://dealsheaven.in/deal/vi-john-charcoal-shaving-foam-infused-with-joboba-oil-pack-of-1300-g"",""Link"")",0.0
FRENCH ESSENCE Luxury Gift Pack - Noir(150Ml Deodorant & 60Ml Perfume)(2 Items in the set),"=HYPERLINK(""https://rukminim1.flixcart.com/image/200/200/xif0q/shopsy-combo-kit/v/q/0/-original-imah2qknquujkhfg.jpeg?q=90"",""Image"")",599,50%,296,"=HYPERLINK(""https://dealsheaven.in/deal/french-essence-luxury-gift-pack-noir150ml-deodorant-60ml-perfume2-items-in-the-set"",""Link"")",0.0
BEARDO Godfather & Whisky Smoke EDP Perfume 50ml Eau de Parfum  -  100 ml(For Men),"=HYPERLINK(""https://rukminim1.flixcart.com/image/200/200/xif0q/perfume/9/y/b/50-whisky-smoke-perfume-50ml-godfather-edp-50ml-woody-spicy-original-imagzuxmtvk9q7ss.jpeg?q=90"",""Image"")",948,65%,331,"=HYPERLINK(""https://dealsheaven.in/deal/beardo-godfather-whisky-smoke-edp-perfume-50ml-eau-de-parfum-100-mlfor-men"",""Link"")",0.0
"HAVELLS GS6532 5-in-1 Men's Grooming Kit with Protective Combs, Rechargeable Grooming Kit 90 min  Runtime 4 Length Settings(Grey)","=HYPERLINK(""https://rukminim1.flixcart.com/image/200/200/xif0q/trimmer/9/p/1/-original-imagvh3pqckrhyh7.jpeg?q=90"",""Image"")",3595,83%,599,"=HYPERLINK(""https://dealsheaven.in/deal/havells-gs6532-5-in-1-mens-grooming-kit-with-protective-combs-rechargeable-grooming-kit-90-min-runtime-4-length-settingsgrey"",""Link"")",0.0
Bold Care 404 Ultra Thin Chocolate Flavored Condoms Condom(10 Sheets),"=HYPERLINK(""https://rukminim1.flixcart.com/image/200/200/xif0q/condom/p/b/m/-original-imah2e2qsdawfv87.jpeg?q=90"",""Image"")",199,50%,99,"=HYPERLINK(""https://dealsheaven.in/deal/bold-care-404-ultra-thin-chocolate-flavored-condoms-condom10-sheets"",""Link"")",0.0
"Egotude Back Cover for iPhone 15(Black, Pack of: 1)","=HYPERLINK(""https://rukminim1.flixcart.com/image/200/200/xif0q/cases-covers/back-cover/p/s/f/ip-15-crafto-rama-original-imagufk75pggdmxh.jpeg?q=90"",""Image"")",1999,80%,399,"=HYPERLINK(""https://dealsheaven.in/deal/egotude-back-cover-for-iphone-15black-pack-of-1"",""Link"")",0.0
"USTAD combo condom pack for men Condom(Set of 36, 36 Sheets)","=HYPERLINK(""https://rukminim1.flixcart.com/image/200/200/xif0q/condom/h/e/x/36-set-combo-condom-pack-for-men-36-ustad-original-imagnsg2nb33twzb.jpeg?q=90"",""Image"")",450,72%,124,"=HYPERLINK(""https://dealsheaven.in/deal/ustad-combo-condom-pack-for-men-condomset-of-36-36-sheets"",""Link"")",0.0
MAXIMA Analog Watch  - For Women,"=HYPERLINK(""https://rukminim1.flixcart.com/image/200/200/xif0q/watch/k/0/t/-original-imagrk9q3pafuk4e.jpeg?q=90"",""Image"")",1799,55%,809,"=HYPERLINK(""https://dealsheaven.in/deal/maxima-analog-watch-for-women"",""Link"")",0.0
beatXP Thunder Elite Electric Dual Hammer Massage Machine for Full Body Pain Relief Percussion Massager(Jade Black),"=HYPERLINK(""https://rukminim1.flixcart.com/image/200/200/xif0q/massager/x/s/i/percussion-thunder-elite-electric-dual-hammer-massage-machine-original-imagjhk229nv2eht.jpeg?q=90"",""Image"")",5999,83%,999,"=HYPERLINK(""https://dealsheaven.in/deal/beatxp-thunder-elite-electric-dual-hammer-massage-machine-for-full-body-pain-relief-percussion-massagerjade-black"",""Link"")",0.0
"HAVELLS Gatik Neo 400 mm 3 Blade Wall Fan(White Aqua, Pack of 1)","=HYPERLINK(""https://rukminim1.flixcart.com/image/200/200/l59xq4w0/fan/8/a/w/gatik-neo-60-1-wall-fan-400-havells-original-imagfzhypuhgdsny.jpeg?q=90"",""Image"")",3605,50%,1799,"=HYPERLINK(""https://dealsheaven.in/deal/havells-gatik-neo-400-mm-3-blade-wall-fanwhite-aqua-pack-of-1"",""Link"")",0.0
SONATA 77121PP06W F1 plastics Analog Watch  - For Men,"=HYPERLINK(""https://rukminim1.flixcart.com/image/200/200/xif0q/watch/p/n/1/-original-imagzj6hxtnaavtt.jpeg?q=90"",""Image"")",875,65%,299,"=HYPERLINK(""https://dealsheaven.in/deal/sonata-77121pp06w-f1-plastics-analog-watch-for-men"",""Link"")",0.0
House Of Sensation K36 Led Backlit Usb Gaming Keyboard + Optical Pc Mouse Sets Wired Usb Wired USB Gaming Keyboard(Gold),"=HYPERLINK(""https://rukminim1.flixcart.com/image/200/200/jkmwdjk0/keyboard/gaming-keyboard/h/e/b/house-of-sensation-k36-led-backlit-usb-gaming-keyboard-optical-original-imaf7xws6ef5xkgm.jpeg?q=90"",""Image"")",2599,69%,799,"=HYPERLINK(""https://dealsheaven.in/deal/house-of-sensation-k36-led-backlit-usb-gaming-keyboard-optical-pc-mouse-sets-wired-usb-wired-usb-gaming-keyboardgold"",""Link"")",0.0
"Apple 20W ,USB-C Power Charging Adapter for iPhone, iPad & AirPods(White)","=HYPERLINK(""https://rukminim1.flixcart.com/image/200/200/xif0q/battery-charger/w/y/x/-original-imagwcbp7gdh9q5q.jpeg?q=90"",""Image"")",1900,31%,1299,"=HYPERLINK(""https://dealsheaven.in/deal/apple-20w-usb-c-power-charging-adapter-for-iphone-ipad-airpodswhite"",""Link"")",0.0
"MamyPoko Pants Standard, Size Medium ( 32 Pieces ) - M  (32 Pieces)","=HYPERLINK(""https://rukminim2.flixcart.com/image/416/416/xif0q/diaper/q/9/w/m-pants-standard-size-medium-32-pieces-32-mamy-poko-original-imaghyfhsmnztnsn.jpeg?q=70&crop=false"",""Image"")",798,71%,224,"=HYPERLINK(""https://dealsheaven.in/deal/mamypoko-pants-standard-size-medium-32-pieces-m-32-pieces"",""Link"")",0.0
French Connection Automatic Analog Watch  - For Men,"=HYPERLINK(""https://rukminim1.flixcart.com/image/200/200/xif0q/watch/h/5/e/1-fca05-3-french-connection-men-original-imagwfhdrms5xrwg.jpeg?q=90"",""Image"")",19999,86%,2666,"=HYPERLINK(""https://dealsheaven.in/deal/french-connection-automatic-analog-watch-for-men"",""Link"")",0.0
"[With Axis card] Infinix Y3 Max Series Intel Core i5 12th Gen 1235U - (16 GB/512 GB SSD/Windows 11 Pro) YL613 Thin and Light Laptop(16 Inch, Silver, 1.78 Kg)","=HYPERLINK(""https://rukminim1.flixcart.com/image/200/200/xif0q/computer/m/h/k/yl613-thin-and-light-laptop-infinix-original-imah3525z4swkhru.jpeg?q=90"",""Image"")",69990,45%,37990,"=HYPERLINK(""https://dealsheaven.in/deal/infinix-y3-max-series-intel-core-i5-12th-gen-1235u-16-gb512-gb-ssdwindows-11-pro-yl613-thin-and-light-laptop16-inch-silver-178-kg"",""Link"")",0.0
"PUMA Puma Men Navy Blue and White Colourblocked Sneakers Sneakers For Men(Dark Blue , 6)","=HYPERLINK(""https://rukminim1.flixcart.com/image/200/200/xif0q/shoe/4/9/x/-original-imagzjw2k5gzmvh3.jpeg?q=90"",""Image"")",4499,80%,860,"=HYPERLINK(""https://dealsheaven.in/deal/puma-puma-men-navy-blue-and-white-colourblocked-sneakers-sneakers-for-mendark-blue-6"",""Link"")",0.0
"BERGNER Induction Bottom Non-Stick Coated Cookware Set(Aluminium, 4 - Piece)","=HYPERLINK(""https://rukminim1.flixcart.com/image/200/200/xif0q/cookware-set/v/g/r/-original-imagg6hghenzhrug.jpeg?q=90"",""Image"")",4795,72%,1299,"=HYPERLINK(""https://dealsheaven.in/deal/bergner-induction-bottom-non-stick-coated-cookware-setaluminium-4-piece"",""Link"")",0.0
"DENVER Combo of Man Of Steel Drill + Challenge + Pump Long lasting Deodorant Spray  -  For Men(600 ml, Pack of 3)","=HYPERLINK(""https://rukminim1.flixcart.com/image/200/200/xif0q/deodorant/8/e/1/600-combo-of-man-of-steel-drill-challenge-pump-long-lasting-3-original-imah376ras9pem82.jpeg?q=90"",""Image"")",855,68%,273,"=HYPERLINK(""https://dealsheaven.in/deal/denver-combo-of-man-of-steel-drill-challenge-pump-long-lasting-deodorant-spray-for-men600-ml-pack-of-3"",""Link"")",0.0
"Odonil Jasmine, Rose, Lavender Spray(3 x 150 ml)","=HYPERLINK(""https://rukminim1.flixcart.com/image/200/200/xif0q/air-freshener/m/3/l/450-room-freshner-rose-jasmine-lavender-combo-room-spray-3-x-150-original-imagwtavzrhj3gx5.jpeg?q=90"",""Image"")",360,85%,53,"=HYPERLINK(""https://dealsheaven.in/deal/odonil-jasmine-rose-lavender-spray3-x-150-ml"",""Link"")",0.0
French Connection Analog Watch  - For Women,"=HYPERLINK(""https://rukminim1.flixcart.com/image/200/200/xif0q/watch/x/j/x/1-fcn050b-french-connection-women-original-imagwdzgwfhahytd.jpeg?q=90"",""Image"")",6750,88%,759,"=HYPERLINK(""https://dealsheaven.in/deal/french-connection-analog-watch-for-women"",""Link"")",0.0
"CAMPUS OG-D3 Sneakers For Men(White , 6)","=HYPERLINK(""https://rukminim1.flixcart.com/image/200/200/xif0q/shoe/h/l/g/-original-imah23cnxb6hscg8.jpeg?q=90"",""Image"")",1399,71%,398,"=HYPERLINK(""https://dealsheaven.in/deal/campus-og-d3-sneakers-for-menwhite-6"",""Link"")",0.0
"Nerf Alpha Strike Slinger SD-1 Single-Fire Dart Blaster, Incl. 2 Darts, for Ages 8+ Guns & Darts(Multicolor)","=HYPERLINK(""https://rukminim1.flixcart.com/image/200/200/xif0q/toy-weapon/q/y/2/-original-imagrzhgzzgs2zmm.jpeg?q=90"",""Image"")",299,50%,149,"=HYPERLINK(""https://dealsheaven.in/deal/nerf-alpha-strike-slinger-sd-1-single-fire-dart-blaster-incl-2-darts-for-ages-8-guns-dartsmulticolor"",""Link"")",0.0
LIVPURE Allura - No Service Cost for 2.5 years - All Filters Included 7 L RO + UV + Copper Water Purifier(Black),"=HYPERLINK(""https://rukminim1.flixcart.com/image/200/200/xif0q/water-purifier/b/9/i/-original-imagywhrsphzgm8x.jpeg?q=90"",""Image"")",23490,70%,6999,"=HYPERLINK(""https://dealsheaven.in/deal/livpure-allura-no-service-cost-for-25-years-all-filters-included-7-l-ro-uv-copper-water-purifierblack"",""Link"")",0.0
"U.S. POLO ASSN. U.S. Polo Assn Men Grey Solid Sneakers Sneakers For Men(Multicolor , 9)","=HYPERLINK(""https://rukminim1.flixcart.com/image/200/200/xif0q/shoe/q/s/j/-original-imagg3abtws3bmya.jpeg?q=90"",""Image"")",2999,84%,478,"=HYPERLINK(""https://dealsheaven.in/deal/us-polo-assn-us-polo-assn-men-grey-solid-sneakers-sneakers-for-menmulticolor-9"",""Link"")",0.0
"Metaverse Derma Roller 0.5mm 540 Micro Needles For Hair Growth, Acne Scars Removal Wrinkle(1 g)","=HYPERLINK(""https://rukminim1.flixcart.com/image/200/200/xif0q/body-skin-treatment/m/b/a/1-derma-roller-0-5mm-540-micro-needles-for-hair-growth-acne-original-imah352fuzgapdfy.jpeg?q=90"",""Image"")",699,87%,89,"=HYPERLINK(""https://dealsheaven.in/deal/metaverse-derma-roller-05mm-540-micro-needles-for-hair-growth-acne-scars-removal-wrinkle1-g"",""Link"")",0.0
"Polycab AEREO PLUS 1 Star 1200 mm Energy Saving 3 Blade Ceiling Fan(CLOUD GREY SILVER, Pack of 1)","=HYPERLINK(""https://rukminim1.flixcart.com/image/200/200/xif0q/fan/a/r/r/fceprst336m-52-1-ceiling-fan-1200-polycab-original-imah3khthv5rfyec.jpeg?q=90"",""Image"")",5499,65%,1899,"=HYPERLINK(""https://dealsheaven.in/deal/polycab-aereo-plus-1-star-1200-mm-energy-saving-3-blade-ceiling-fancloud-grey-silver-pack-of-1"",""Link"")",0.0
"Flipkart Perfect Homes Julian Engineered Wood 2 Door Wardrobe(Finish Color - Melamine Walnut, Mirror Included, Knock Down)","=HYPERLINK(""https://rukminim1.flixcart.com/image/200/200/xif0q/wardrobe-closet/u/r/1/-original-imah3crftxbykvex.jpeg?q=90"",""Image"")",16999,58%,6999,"=HYPERLINK(""https://dealsheaven.in/deal/flipkart-perfect-homes-julian-engineered-wood-2-door-wardrobefinish-color-melamine-walnut-mirror-included-knock-down"",""Link"")",0.0
Kesh King Organic Onion Oil With Curry Leaves | Reduces Hair Fall Upto 98% Hair Oil(200 ml),"=HYPERLINK(""https://rukminim1.flixcart.com/image/200/200/xif0q/hair-oil/v/i/0/-original-imagqhdrfnyykv5h.jpeg?q=90"",""Image"")",600,78%,128,"=HYPERLINK(""https://dealsheaven.in/deal/kesh-king-organic-onion-oil-with-curry-leaves-reduces-hair-fall-upto-98-hair-oil200-ml"",""Link"")",0.0
"BOROSIL Teal Universal Lunch Box with Bag, 4 Pc (320ml x 2 + 240ml x 2) Tiifin 4 Containers Lunch Box(1120 ml)","=HYPERLINK(""https://rukminim1.flixcart.com/image/200/200/k5fn3ww0/lunch-box/v/d/q/glass-lunch-box-set-of-4-universal-sky-borosil-4-original-imafz2y6yyfuxzxe.jpeg?q=90"",""Image"")",1745,57%,749,"=HYPERLINK(""https://dealsheaven.in/deal/borosil-teal-universal-lunch-box-with-bag-4-pc-320ml-x-2-240ml-x-2-tiifin-4-containers-lunch-box1120-ml"",""Link"")",0.0
"DENVER Caliber,Honour & Imperial Nano Deo Long Lasting Set of 3 Deodorant Spray  -  For Men(150 ml, Pack of 3)","=HYPERLINK(""https://rukminim1.flixcart.com/image/200/200/xif0q/deodorant/z/z/b/150-caliber-honour-imperial-nano-deo-long-lasting-set-of-3-3-original-imagk8wqse3n5hfu.jpeg?q=90"",""Image"")",240,1%,237,"=HYPERLINK(""https://dealsheaven.in/deal/denver-caliberhonour-imperial-nano-deo-long-lasting-set-of-3-deodorant-spray-for-men150-ml-pack-of-3"",""Link"")",0.0
